name,photos,country,history,ingredients,locationToBuy
Pizza Margherita,"['pizza_margherita_photo1.jpg', 'pizza_margherita_photo2.jpg']",Italy,A traditional dish from Italy,"['ingredient1', 'ingredient2', 'ingredient3']","[{'lat': 53.24453172450109, 'lon': 146.98575972927733}]"
Lasagna,"['lasagna_photo1.jpg', 'lasagna_photo2.jpg']",Italy,A traditional dish from Italy,"['ingredient1', 'ingredient2', 'ingredient3']","[{'lat': 39.10381008006101, 'lon': -56.171813315993035}]"
Risotto,"['risotto_photo1.jpg', 'risotto_photo2.jpg']",Italy,A traditional dish from Italy,"['ingredient1', 'ingredient2', 'ingredient3']","[{'lat': 74.75922498024951, 'lon': -88.06296995639981}]"
Tiramisu,"['tiramisu_photo1.jpg', 'tiramisu_photo2.jpg']",Italy,A traditional dish from Italy,"['ingredient1', 'ingredient2', 'ingredient3']","[{'lat': 86.64083270940213, 'lon': 159.43506251208663}]"
Gelato,"['gelato_photo1.jpg', 'gelato_photo2.jpg']",Italy,A traditional dish from Italy,"['ingredient1', 'ingredient2', 'ingredient3']","[{'lat': 55.84529312533681, 'lon': -126.65001829253754}]"
Sushi,"['sushi_photo1.jpg', 'sushi_photo2.jpg']",Japan,A traditional dish from Japan,"['ingredient1', 'ingredient2', 'ingredient3']","[{'lat': 41.12018808837868, 'lon': 146.15357645408983}]"
Ramen,"['ramen_photo1.jpg', 'ramen_photo2.jpg']",Japan,A traditional dish from Japan,"['ingredient1', 'ingredient2', 'ingredient3']","[{'lat': 63.89182993357531, 'lon': -163.5039918164846}]"
Tempura,"['tempura_photo1.jpg', 'tempura_photo2.jpg']",Japan,A traditional dish from Japan,"['ingredient1', 'ingredient2', 'ingredient3']","[{'lat': -3.9361837406118383, 'lon': -62.94144942162555}]"
Sashimi,"['sashimi_photo1.jpg', 'sashimi_photo2.jpg']",Japan,A traditional dish from Japan,"['ingredient1', 'ingredient2', 'ingredient3']","[{'lat': 28.375343997437312, 'lon': 51.72504050566036}]"
Udon,"['udon_photo1.jpg', 'udon_photo2.jpg']",Japan,A traditional dish from Japan,"['ingredient1', 'ingredient2', 'ingredient3']","[{'lat': -55.59395837817072, 'lon': 170.8492137822331}]"
Peking Duck,"['peking_duck_photo1.jpg', 'peking_duck_photo2.jpg']",China,"The dish is said to have originated during the 13th century in Hangzhou, not far from Shanghai. Roast duck was one of the cooked foods sold door-to-door by street vendors, and it became a speciality of nearby Nanjing, the first capital of the Ming dynasty.","['ingredient1', 'ingredient2', 'ingredient3']","[{'lat': -60.2508843983762, 'lon': 112.95051073823231}]"
Xiao Long Bao,"['xiao_long_bao_photo1.jpg', 'xiao_long_bao_photo2.jpg']",China,"A traditional dish from China, famous dish","['ingredient1', 'ingredient2', 'ingredient3']","[{'lat': -84.8645208252571, 'lon': 163.10701053488293}]"
Hot Pot,"['hot_pot_photo1.jpg', 'hot_pot_photo2.jpg']",China,A traditional dish from China,"['ingredient1', 'ingredient2', 'ingredient3']","[{'lat': 6.934282836294273, 'lon': 175.55020935316657}]"
Kung Pao Chicken,"['kung_pao_chicken_photo1.jpg', 'kung_pao_chicken_photo2.jpg']",China,A traditional dish from China,"['ingredient1', 'ingredient2', 'ingredient3']","[{'lat': 58.17541628299247, 'lon': 103.28311087333435}]"
Mapo Tofu,"['mapo_tofu_photo1.jpg', 'mapo_tofu_photo2.jpg']",China,A traditional dish from China,"['ingredient1', 'ingredient2', 'ingredient3']","[{'lat': -20.320552131426822, 'lon': 103.97865386362821}]"
Butter Chicken,"['butter_chicken_photo1.jpg', 'butter_chicken_photo2.jpg']",India,A traditional dish from India,"['ingredient1', 'ingredient2', 'ingredient3']","[{'lat': -33.041186647057025, 'lon': 90.56330426586885}]"
Biryani,"['biryani_photo1.jpg', 'biryani_photo2.jpg']",India,A traditional dish from India,"['ingredient1', 'ingredient2', 'ingredient3']","[{'lat': -64.0421078451177, 'lon': -104.94748624655182}]"
Masala Dosa,"['masala_dosa_photo1.jpg', 'masala_dosa_photo2.jpg']",India,A traditional dish from India,"['ingredient1', 'ingredient2', 'ingredient3']","[{'lat': -85.09836047257235, 'lon': -72.881162548719}]"
Chaat,"['chaat_photo1.jpg', 'chaat_photo2.jpg']",India,A traditional dish from India,"['ingredient1', 'ingredient2', 'ingredient3']","[{'lat': 13.760671092025092, 'lon': 170.94002553386542}]"
Palak Paneer,"['palak_paneer_photo1.jpg', 'palak_paneer_photo2.jpg']",India,A traditional dish from India,"['ingredient1', 'ingredient2', 'ingredient3']","[{'lat': -66.9931500598415, 'lon': 99.84518337829542}]"
Tacos,"['tacos_photo1.jpg', 'tacos_photo2.jpg']",Mexico,A traditional dish from Mexico,"['ingredient1', 'ingredient2', 'ingredient3']","[{'lat': -18.025273444428393, 'lon': -75.46109040446791}]"
Enchiladas,"['enchiladas_photo1.jpg', 'enchiladas_photo2.jpg']",Mexico,A traditional dish from Mexico,"['ingredient1', 'ingredient2', 'ingredient3']","[{'lat': 30.812550428827578, 'lon': 7.019164085552973}]"
Guacamole,"['guacamole_photo1.jpg', 'guacamole_photo2.jpg']",Mexico,A traditional dish from Mexico,"['ingredient1', 'ingredient2', 'ingredient3']","[{'lat': -6.644279336228365, 'lon': 167.3311452069666}]"
Chiles en Nogada,"['chiles_en_nogada_photo1.jpg', 'chiles_en_nogada_photo2.jpg']",Mexico,A traditional dish from Mexico,"['ingredient1', 'ingredient2', 'ingredient3']","[{'lat': -31.475081829228237, 'lon': -60.283817268759236}]"
Pozole,"['pozole_photo1.jpg', 'pozole_photo2.jpg']",Mexico,A traditional dish from Mexico,"['ingredient1', 'ingredient2', 'ingredient3']","[{'lat': 19.027370915862875, 'lon': -64.4385939847637}]"
Coq au Vin,"['coq_au_vin_photo1.jpg', 'coq_au_vin_photo2.jpg']",France,A traditional dish from France,"['ingredient1', 'ingredient2', 'ingredient3']","[{'lat': 43.42820026061176, 'lon': 26.379581622151306}]"
Ratatouille,"['ratatouille_photo1.jpg', 'ratatouille_photo2.jpg']",France,A traditional dish from France,"['ingredient1', 'ingredient2', 'ingredient3']","[{'lat': -28.975831077797395, 'lon': 162.34183506368726}]"
Bouillabaisse,"['bouillabaisse_photo1.jpg', 'bouillabaisse_photo2.jpg']",France,A traditional dish from France,"['ingredient1', 'ingredient2', 'ingredient3']","[{'lat': 63.778222734083556, 'lon': -173.69034323161677}]"
Quiche Lorraine,"['quiche_lorraine_photo1.jpg', 'quiche_lorraine_photo2.jpg']",France,A traditional dish from France,"['ingredient1', 'ingredient2', 'ingredient3']","[{'lat': -38.48386251846542, 'lon': 73.34030775805277}]"
Croissant,"['croissant_photo1.jpg', 'croissant_photo2.jpg']",France,A traditional dish from France,"['ingredient1', 'ingredient2', 'ingredient3']","[{'lat': -83.31920340990467, 'lon': -42.9156731249783}]"
Paella,"['paella_photo1.jpg', 'paella_photo2.jpg']",Spain,A traditional dish from Spain,"['ingredient1', 'ingredient2', 'ingredient3']","[{'lat': -15.263358281659151, 'lon': 178.41018860079066}]"
Gazpacho,"['gazpacho_photo1.jpg', 'gazpacho_photo2.jpg']",Spain,A traditional dish from Spain,"['ingredient1', 'ingredient2', 'ingredient3']","[{'lat': -22.528340783688307, 'lon': 179.7231225175754}]"
Churros,"['churros_photo1.jpg', 'churros_photo2.jpg']",Spain,A traditional dish from Spain,"['ingredient1', 'ingredient2', 'ingredient3']","[{'lat': -13.699242268473597, 'lon': 47.25801717051593}]"
Tortilla Española,"['tortilla_española_photo1.jpg', 'tortilla_española_photo2.jpg']",Spain,A traditional dish from Spain,"['ingredient1', 'ingredient2', 'ingredient3']","[{'lat': 49.74373998750147, 'lon': 65.60176163374595}]"
Jamón Ibérico,"['jamón_ibérico_photo1.jpg', 'jamón_ibérico_photo2.jpg']",Spain,A traditional dish from Spain,"['ingredient1', 'ingredient2', 'ingredient3']","[{'lat': -42.95267915561194, 'lon': -120.09872437702641}]"
Moussaka,"['moussaka_photo1.jpg', 'moussaka_photo2.jpg']",Greece,A traditional dish from Greece,"['ingredient1', 'ingredient2', 'ingredient3']","[{'lat': 58.80457489091032, 'lon': 122.42338221364469}]"
Souvlaki,"['souvlaki_photo1.jpg', 'souvlaki_photo2.jpg']",Greece,A traditional dish from Greece,"['ingredient1', 'ingredient2', 'ingredient3']","[{'lat': 88.47881264303263, 'lon': -75.12208936613459}]"
Gyro,"['gyro_photo1.jpg', 'gyro_photo2.jpg']",Greece,A traditional dish from Greece,"['ingredient1', 'ingredient2', 'ingredient3']","[{'lat': 32.615514552705164, 'lon': 117.2136833474122}]"
Spanakopita,"['spanakopita_photo1.jpg', 'spanakopita_photo2.jpg']",Greece,A traditional dish from Greece,"['ingredient1', 'ingredient2', 'ingredient3']","[{'lat': -62.340040312277324, 'lon': 134.93076822550125}]"
Baklava,"['baklava_photo1.jpg', 'baklava_photo2.jpg']",Greece,A traditional dish from Greece,"['ingredient1', 'ingredient2', 'ingredient3']","[{'lat': 58.99160807024734, 'lon': 77.0619489088898}]"
Pad Thai,"['pad_thai_photo1.jpg', 'pad_thai_photo2.jpg']",Thailand,A traditional dish from Thailand,"['ingredient1', 'ingredient2', 'ingredient3']","[{'lat': -46.09350737657726, 'lon': 18.669144504076456}]"
Green Curry,"['green_curry_photo1.jpg', 'green_curry_photo2.jpg']",Thailand,A traditional dish from Thailand,"['ingredient1', 'ingredient2', 'ingredient3']","[{'lat': -29.576065978778814, 'lon': -120.56707189627119}]"
Tom Yum Goong,"['tom_yum_goong_photo1.jpg', 'tom_yum_goong_photo2.jpg']",Thailand,A traditional dish from Thailand,"['ingredient1', 'ingredient2', 'ingredient3']","[{'lat': -80.55512253508074, 'lon': -107.43141034664063}]"
Som Tam,"['som_tam_photo1.jpg', 'som_tam_photo2.jpg']",Thailand,A traditional dish from Thailand,"['ingredient1', 'ingredient2', 'ingredient3']","[{'lat': 36.55979733380538, 'lon': 55.49463542567119}]"
Massaman Curry,"['massaman_curry_photo1.jpg', 'massaman_curry_photo2.jpg']",Thailand,A traditional dish from Thailand,"['ingredient1', 'ingredient2', 'ingredient3']","[{'lat': 20.01843271941101, 'lon': 86.6391241448539}]"
Pho,"['pho_photo1.jpg', 'pho_photo2.jpg']",Vietnam,A traditional dish from Vietnam,"['ingredient1', 'ingredient2', 'ingredient3']","[{'lat': -73.71545673676799, 'lon': 86.7137141467208}]"
Banh Mi,"['banh_mi_photo1.jpg', 'banh_mi_photo2.jpg']",Vietnam,A traditional dish from Vietnam,"['ingredient1', 'ingredient2', 'ingredient3']","[{'lat': 11.90429738408804, 'lon': 102.93672890316941}]"
Spring Rolls,"['spring_rolls_photo1.jpg', 'spring_rolls_photo2.jpg']",Vietnam,A traditional dish from Vietnam,"['ingredient1', 'ingredient2', 'ingredient3']","[{'lat': -72.45354451104419, 'lon': 65.63650791386408}]"
Bun Cha,"['bun_cha_photo1.jpg', 'bun_cha_photo2.jpg']",Vietnam,A traditional dish from Vietnam,"['ingredient1', 'ingredient2', 'ingredient3']","[{'lat': -39.282829643982126, 'lon': 143.03030742851303}]"
Cao Lau,"['cao_lau_photo1.jpg', 'cao_lau_photo2.jpg']",Vietnam,A traditional dish from Vietnam,"['ingredient1', 'ingredient2', 'ingredient3']","[{'lat': 8.390555191301857, 'lon': -77.28348435346855}]"
Kimchi,"['kimchi_photo1.jpg', 'kimchi_photo2.jpg']",Korea,A traditional dish from Korea,"['ingredient1', 'ingredient2', 'ingredient3']","[{'lat': 68.78121430032286, 'lon': 70.49004755348548}]"
Bibimbap,"['bibimbap_photo1.jpg', 'bibimbap_photo2.jpg']",Korea,A traditional dish from Korea,"['ingredient1', 'ingredient2', 'ingredient3']","[{'lat': -57.01874865505195, 'lon': 142.64337572161895}]"
Bulgogi,"['bulgogi_photo1.jpg', 'bulgogi_photo2.jpg']",Korea,A traditional dish from Korea,"['ingredient1', 'ingredient2', 'ingredient3']","[{'lat': 21.150585914209785, 'lon': 167.9349730040289}]"
Tteokbokki,"['tteokbokki_photo1.jpg', 'tteokbokki_photo2.jpg']",Korea,A traditional dish from Korea,"['ingredient1', 'ingredient2', 'ingredient3']","[{'lat': -60.32841600798376, 'lon': 128.29792172197983}]"
Samgyeopsal,"['samgyeopsal_photo1.jpg', 'samgyeopsal_photo2.jpg']",Korea,A traditional dish from Korea,"['ingredient1', 'ingredient2', 'ingredient3']","[{'lat': 73.55781869459992, 'lon': -17.39929084462321}]"
Kebab,"['kebab_photo1.jpg', 'kebab_photo2.jpg']",Turkey,A traditional dish from Turkey,"['ingredient1', 'ingredient2', 'ingredient3']","[{'lat': -86.79560447294425, 'lon': 57.42128054148756}]"
Baklava,"['baklava_photo1.jpg', 'baklava_photo2.jpg']",Turkey,A traditional dish from Turkey,"['ingredient1', 'ingredient2', 'ingredient3']","[{'lat': -39.03780540326441, 'lon': -62.122145395538865}]"
Menemen,"['menemen_photo1.jpg', 'menemen_photo2.jpg']",Turkey,A traditional dish from Turkey,"['ingredient1', 'ingredient2', 'ingredient3']","[{'lat': 4.401916959960559, 'lon': -6.56480413572919}]"
Lokum,"['lokum_photo1.jpg', 'lokum_photo2.jpg']",Turkey,A traditional dish from Turkey,"['ingredient1', 'ingredient2', 'ingredient3']","[{'lat': 45.059005671264714, 'lon': 39.85885345066731}]"
Meze,"['meze_photo1.jpg', 'meze_photo2.jpg']",Turkey,A traditional dish from Turkey,"['ingredient1', 'ingredient2', 'ingredient3']","[{'lat': -45.91562925633688, 'lon': 114.01235593523143}]"
Hamburger,"['hamburger_photo1.jpg', 'hamburger_photo2.jpg']",United States,A traditional dish from United States,"['ingredient1', 'ingredient2', 'ingredient3']","[{'lat': 18.6692923548961, 'lon': -89.16085354915465}]"
Apple Pie,"['apple_pie_photo1.jpg', 'apple_pie_photo2.jpg']",United States,A traditional dish from United States,"['ingredient1', 'ingredient2', 'ingredient3']","[{'lat': -39.304924648807294, 'lon': 86.91424812976749}]"
Clam Chowder,"['clam_chowder_photo1.jpg', 'clam_chowder_photo2.jpg']",United States,A traditional dish from United States,"['ingredient1', 'ingredient2', 'ingredient3']","[{'lat': -5.480154895416746, 'lon': -12.811957222914998}]"
Barbecue Ribs,"['barbecue_ribs_photo1.jpg', 'barbecue_ribs_photo2.jpg']",United States,A traditional dish from United States,"['ingredient1', 'ingredient2', 'ingredient3']","[{'lat': 7.660835407567262, 'lon': -130.36756408056695}]"
Cornbread,"['cornbread_photo1.jpg', 'cornbread_photo2.jpg']",United States,A traditional dish from United States,"['ingredient1', 'ingredient2', 'ingredient3']","[{'lat': 19.240275735939022, 'lon': 87.00729737612909}]"
